{"cameraMode":{"drawMode":0,"name":"Shaded","section":"Shading Mode"},"sceneLighting":false,"audioPlay":false,"sceneViewState":{"showFog":true,"showMaterialUpdate":false,"showSkybox":false,"showFlares":true,"showImageEffects":true,"showParticleSystems":true},"in2DMode":false,"pivot":{"x":157.9337158203125,"y":-36.81712341308594,"z":24.2508544921875},"rotation":{"x":-0.002570684999227524,"y":0.9552199244499207,"z":0.008300748653709889,"w":0.2957989275455475},"size":4653.71826171875,"orthographic":false}