{"cameraMode":{"drawMode":0,"name":"Shaded","section":"Shading Mode"},"sceneLighting":true,"audioPlay":false,"sceneViewState":{"showFog":true,"showMaterialUpdate":false,"showSkybox":true,"showFlares":true,"showImageEffects":true,"showParticleSystems":true},"in2DMode":false,"pivot":{"x":-46.3973388671875,"y":695.8956298828125,"z":899.8216552734375},"rotation":{"x":-0.14506611227989198,"y":0.7524929642677307,"z":0.17674076557159425,"w":0.617652177810669},"size":2287.802001953125,"orthographic":false}