{"cameraMode":{"drawMode":0,"name":"Shaded","section":"Shading Mode"},"sceneLighting":true,"audioPlay":false,"sceneViewState":{"showFog":true,"showMaterialUpdate":false,"showSkybox":true,"showFlares":true,"showImageEffects":true,"showParticleSystems":true},"in2DMode":false,"pivot":{"x":-3.0863418579101564,"y":0.3837648630142212,"z":0.35636085271835329},"rotation":{"x":-0.07526610791683197,"y":0.8682374954223633,"z":-0.13897642493247987,"w":-0.4703688621520996},"size":34.48529815673828,"orthographic":false}