{"cameraMode":{"drawMode":0,"name":"Shaded","section":"Shading Mode"},"sceneLighting":true,"audioPlay":false,"sceneViewState":{"showFog":true,"showMaterialUpdate":false,"showSkybox":true,"showFlares":true,"showImageEffects":true,"showParticleSystems":true},"in2DMode":false,"pivot":{"x":-1.427018165588379,"y":-0.0013509094715118409,"z":-12.690393447875977},"rotation":{"x":0.04727886617183685,"y":0.697320818901062,"z":0.04640462249517441,"w":-0.7138286828994751},"size":20.147850036621095,"orthographic":false}