{"cameraMode":{"drawMode":0,"name":"Shaded","section":"Shading Mode"},"sceneLighting":true,"audioPlay":false,"sceneViewState":{"showFog":true,"showMaterialUpdate":false,"showSkybox":true,"showFlares":true,"showImageEffects":true,"showParticleSystems":true},"in2DMode":false,"pivot":{"x":-595.5162353515625,"y":436.03631591796877,"z":283.346923828125},"rotation":{"x":-0.00847161840647459,"y":0.975001871585846,"z":0.037741366773843768,"w":0.21884863078594209},"size":3544.656494140625,"orthographic":false}