{"cameraMode":{"drawMode":0,"name":"Shaded","section":"Shading Mode"},"sceneLighting":true,"audioPlay":false,"sceneViewState":{"showFog":true,"showMaterialUpdate":false,"showSkybox":true,"showFlares":true,"showImageEffects":true,"showParticleSystems":true},"in2DMode":false,"pivot":{"x":-7.400000095367432,"y":4.699999809265137,"z":-21.799999237060548},"rotation":{"x":-0.08506108820438385,"y":0.8291446566581726,"z":-0.1314459592103958,"w":-0.5367213487625122},"size":76.07415008544922,"orthographic":false}