{"cameraMode":{"drawMode":0,"name":"Shaded","section":"Shading Mode"},"sceneLighting":true,"audioPlay":false,"sceneViewState":{"showFog":true,"showMaterialUpdate":false,"showSkybox":true,"showFlares":true,"showImageEffects":true,"showParticleSystems":true},"in2DMode":false,"pivot":{"x":-11.172072410583496,"y":7.307649612426758,"z":-4.595144271850586},"rotation":{"x":0.46982547640800478,"y":0.057401642203330997,"z":-0.030608735978603364,"w":0.8803852796554565},"size":56.341888427734378,"orthographic":false}