{"cameraMode":{"drawMode":0,"name":"Shaded","section":"Shading Mode"},"sceneLighting":false,"audioPlay":false,"sceneViewState":{"showFog":true,"showMaterialUpdate":false,"showSkybox":false,"showFlares":true,"showImageEffects":true,"showParticleSystems":true},"in2DMode":false,"pivot":{"x":-2.387875556945801,"y":1.0402086973190308,"z":-3.5272912979125978},"rotation":{"x":0.1048043817281723,"y":-0.3144404888153076,"z":0.03497345373034477,"w":0.9428483247756958},"size":10.41208267211914,"orthographic":false}